outcome_id,project_id,planned_duration_days,actual_duration_days,delay_days,delay_flag,final_status,delay_stage,completion_date
OUT-000001,LG-000001,1460,1543,83,0,On Time,None,
OUT-000002,LG-000002,1095,1605,510,1,Severely Delayed,Compensation,2023-03-16
OUT-000003,LG-000003,1825,1867,42,0,On Time,None,2024-01-15
OUT-000004,LG-000004,730,1014,284,1,Delayed,Legal Resolution,
OUT-000005,LG-000005,730,746,16,0,On Time,None,
OUT-000006,LG-000006,1095,1281,186,1,Delayed,Legal Resolution,2022-03-25
OUT-000007,LG-000007,2190,2520,330,1,Delayed,Legal Resolution,
OUT-000008,LG-000008,2190,2452,262,1,Delayed,Legal Resolution,2030-03-20
OUT-000009,LG-000009,1095,1103,8,0,On Time,None,
OUT-000010,LG-000010,1460,1478,18,0,On Time,None,2023-02-02
OUT-000011,LG-000011,1095,1654,559,1,Severely Delayed,Compensation,2025-04-18
OUT-000012,LG-000012,730,1380,650,1,Severely Delayed,Compensation,
OUT-000013,LG-000013,1095,1115,20,0,On Time,None,
OUT-000014,LG-000014,2190,2195,5,0,On Time,None,
OUT-000015,LG-000015,730,795,65,0,On Time,None,
OUT-000016,LG-000016,730,791,61,0,On Time,None,2025-06-26
OUT-000017,LG-000017,1460,1471,11,0,On Time,None,
OUT-000018,LG-000018,1460,1707,247,1,Delayed,Legal Resolution,
OUT-000019,LG-000019,730,754,24,0,On Time,None,
OUT-000020,LG-000020,1095,1098,3,0,On Time,None,
OUT-000021,LG-000021,1460,1487,27,0,On Time,None,
OUT-000022,LG-000022,1825,1846,21,0,On Time,None,
OUT-000023,LG-000023,730,760,30,0,On Time,None,
OUT-000024,LG-000024,1825,1955,130,1,Delayed,Legal Resolution,
OUT-000025,LG-000025,730,778,48,0,On Time,None,
OUT-000026,LG-000026,730,924,194,1,Delayed,Legal Resolution,2026-12-16
OUT-000027,LG-000027,1095,1173,78,0,On Time,None,
OUT-000028,LG-000028,1095,1149,54,0,On Time,None,
OUT-000029,LG-000029,1825,1859,34,0,On Time,None,2029-04-07
OUT-000030,LG-000030,2190,2202,12,0,On Time,None,
OUT-000031,LG-000031,730,1370,640,1,Severely Delayed,Compensation,
OUT-000032,LG-000032,1095,1678,583,1,Severely Delayed,Compensation,
OUT-000033,LG-000033,1460,1908,448,1,Severely Delayed,Compensation,
OUT-000034,LG-000034,2190,2248,58,0,On Time,None,
OUT-000035,LG-000035,2190,2416,226,1,Delayed,Legal Resolution,
OUT-000036,LG-000036,1095,1246,151,1,Delayed,Legal Resolution,
OUT-000037,LG-000037,2190,2890,700,1,Severely Delayed,Compensation,2028-03-26
OUT-000038,LG-000038,730,748,18,0,On Time,None,
OUT-000039,LG-000039,1825,1901,76,0,On Time,None,
OUT-000040,LG-000040,1825,1831,6,0,On Time,None,
OUT-000041,LG-000041,730,921,191,1,Delayed,Legal Resolution,
OUT-000042,LG-000042,1825,2517,692,1,Severely Delayed,Compensation,
OUT-000043,LG-000043,1095,1542,447,1,Severely Delayed,Compensation,
OUT-000044,LG-000044,1095,1168,73,0,On Time,None,
OUT-000045,LG-000045,2190,2205,15,0,On Time,None,2029-05-22
OUT-000046,LG-000046,1825,1846,21,0,On Time,None,
OUT-000047,LG-000047,2190,2510,320,1,Delayed,Legal Resolution,2029-11-21
OUT-000048,LG-000048,1825,2297,472,1,Severely Delayed,Compensation,2028-12-03
OUT-000049,LG-000049,2190,2537,347,1,Delayed,Legal Resolution,
OUT-000050,LG-000050,1095,1349,254,1,Delayed,Legal Resolution,2026-08-17
OUT-000051,LG-000051,1825,2054,229,1,Delayed,Legal Resolution,
OUT-000052,LG-000052,1095,1160,65,0,On Time,None,2021-05-08
OUT-000053,LG-000053,2190,2215,25,0,On Time,None,
OUT-000054,LG-000054,1825,2155,330,1,Severely Delayed,Compensation,
OUT-000055,LG-000055,1825,1850,25,0,On Time,None,2023-06-30
OUT-000056,LG-000056,1460,1765,305,1,Severely Delayed,Compensation,
OUT-000057,LG-000057,1095,1124,29,0,On Time,None,
OUT-000058,LG-000058,1095,1374,279,1,Delayed,Legal Resolution,2027-06-22
OUT-000059,LG-000059,730,986,256,1,Delayed,Legal Resolution,
OUT-000060,LG-000060,1460,1788,328,1,Delayed,Legal Resolution,
OUT-000061,LG-000061,2190,2251,61,0,On Time,None,
OUT-000062,LG-000062,2190,2445,255,1,Delayed,Legal Resolution,
OUT-000063,LG-000063,1825,1829,4,0,On Time,None,
OUT-000064,LG-000064,730,778,48,0,On Time,None,
OUT-000065,LG-000065,2190,2490,300,1,Delayed,Legal Resolution,
OUT-000066,LG-000066,730,1042,312,1,Delayed,Legal Resolution,
OUT-000067,LG-000067,730,1012,282,1,Delayed,Legal Resolution,
OUT-000068,LG-000068,2190,2283,93,1,Delayed,Approval,2027-03-28
OUT-000069,LG-000069,730,859,129,1,Delayed,Legal Resolution,2020-06-17
OUT-000070,LG-000070,1095,1105,10,0,On Time,None,
OUT-000071,LG-000071,1460,1521,61,0,On Time,None,
OUT-000072,LG-000072,2190,2260,70,0,On Time,None,
OUT-000073,LG-000073,1460,1501,41,0,On Time,None,
OUT-000074,LG-000074,1095,1155,60,0,On Time,None,
OUT-000075,LG-000075,1460,1488,28,0,On Time,None,
OUT-000076,LG-000076,1825,2460,635,1,Severely Delayed,Compensation,
OUT-000077,LG-000077,1825,1842,17,0,On Time,None,
OUT-000078,LG-000078,2190,2490,300,1,Delayed,Legal Resolution,
OUT-000079,LG-000079,1095,1116,21,0,On Time,None,2024-11-07
OUT-000080,LG-000080,730,797,67,0,On Time,None,
OUT-000081,LG-000081,1460,1524,64,0,On Time,None,
OUT-000082,LG-000082,1095,1375,280,1,Delayed,Legal Resolution,
OUT-000083,LG-000083,1095,1100,5,0,On Time,None,
OUT-000084,LG-000084,2190,2219,29,0,On Time,None,
OUT-000085,LG-000085,2190,2219,29,0,On Time,None,
OUT-000086,LG-000086,730,764,34,0,On Time,None,
OUT-000087,LG-000087,1460,1513,53,0,On Time,None,
OUT-000088,LG-000088,730,840,110,1,Delayed,Approval,
OUT-000089,LG-000089,1095,1134,39,0,On Time,None,
OUT-000090,LG-000090,2190,2258,68,0,On Time,None,
OUT-000091,LG-000091,1460,1464,4,0,On Time,None,
OUT-000092,LG-000092,1460,1704,244,1,Delayed,Legal Resolution,
OUT-000093,LG-000093,1095,1782,687,1,Severely Delayed,Compensation,
OUT-000094,LG-000094,1095,1123,28,0,On Time,None,
OUT-000095,LG-000095,730,1480,750,1,Severely Delayed,Compensation,
OUT-000096,LG-000096,730,891,161,1,Delayed,Legal Resolution,
OUT-000097,LG-000097,1825,1849,24,0,On Time,None,
OUT-000098,LG-000098,1825,1827,2,0,On Time,None,
OUT-000099,LG-000099,1460,1592,132,1,Delayed,Legal Resolution,2028-01-04
OUT-000100,LG-000100,2190,2518,328,1,Delayed,Legal Resolution,
OUT-000101,LG-000101,1460,1467,7,0,On Time,None,
OUT-000102,LG-000102,1095,1441,346,1,Delayed,Legal Resolution,
OUT-000103,LG-000103,1825,1837,12,0,On Time,None,2029-01-04
OUT-000104,LG-000104,1825,1934,109,1,Delayed,Approval,
OUT-000105,LG-000105,1825,2545,720,1,Severely Delayed,Compensation,
OUT-000106,LG-000106,1460,1462,2,0,On Time,None,
OUT-000107,LG-000107,1095,1110,15,0,On Time,None,2021-03-19
OUT-000108,LG-000108,730,1172,442,1,Severely Delayed,Compensation,
OUT-000109,LG-000109,1095,1193,98,1,Delayed,Approval,2028-02-19
OUT-000110,LG-000110,2190,2316,126,1,Delayed,Legal Resolution,
OUT-000111,LG-000111,730,1062,332,1,Delayed,Legal Resolution,
OUT-000112,LG-000112,2190,2209,19,0,On Time,None,
OUT-000113,LG-000113,2190,2677,487,1,Severely Delayed,Compensation,
OUT-000114,LG-000114,1095,1139,44,0,On Time,None,
OUT-000115,LG-000115,1825,1887,62,0,On Time,None,
OUT-000116,LG-000116,730,787,57,0,On Time,None,2023-09-19
OUT-000117,LG-000117,730,747,17,0,On Time,None,
OUT-000118,LG-000118,730,1306,576,1,Severely Delayed,Compensation,
OUT-000119,LG-000119,1825,1913,88,0,On Time,None,
OUT-000120,LG-000120,2190,2299,109,1,Delayed,Approval,2031-03-09
OUT-000121,LG-000121,1825,1889,64,0,On Time,None,
OUT-000122,LG-000122,1095,1155,60,0,On Time,None,
OUT-000123,LG-000123,2190,2411,221,1,Delayed,Legal Resolution,
OUT-000124,LG-000124,1825,1927,102,1,Delayed,Approval,
OUT-000125,LG-000125,2190,2220,30,0,On Time,None,
OUT-000126,LG-000126,1825,1825,0,0,On Time,None,
OUT-000127,LG-000127,2190,2938,748,1,Severely Delayed,Compensation,
OUT-000128,LG-000128,730,1213,483,1,Severely Delayed,Compensation,
OUT-000129,LG-000129,1095,1105,10,0,On Time,None,2026-05-31
OUT-000130,LG-000130,1460,1481,21,0,On Time,None,
OUT-000131,LG-000131,1095,1221,126,1,Delayed,Legal Resolution,
OUT-000132,LG-000132,1095,1202,107,1,Delayed,Approval,
OUT-000133,LG-000133,1825,1899,74,0,On Time,None,2025-09-25
OUT-000134,LG-000134,1825,1831,6,0,On Time,None,
OUT-000135,LG-000135,1095,1104,9,0,On Time,None,
OUT-000136,LG-000136,730,827,97,1,Delayed,Approval,
OUT-000137,LG-000137,2190,2298,108,1,Delayed,Approval,
OUT-000138,LG-000138,730,781,51,0,On Time,None,
OUT-000139,LG-000139,2190,2201,11,0,On Time,None,
OUT-000140,LG-000140,1095,1156,61,0,On Time,None,
OUT-000141,LG-000141,730,731,1,0,On Time,None,
OUT-000142,LG-000142,2190,2289,99,1,Delayed,Approval,
OUT-000143,LG-000143,1825,1854,29,0,On Time,None,
OUT-000144,LG-000144,1095,1392,297,1,Delayed,Legal Resolution,
OUT-000145,LG-000145,730,889,159,1,Delayed,Legal Resolution,
OUT-000146,LG-000146,2190,2196,6,0,On Time,None,
OUT-000147,LG-000147,1460,1550,90,0,On Time,None,2025-11-09
OUT-000148,LG-000148,2190,2868,678,1,Severely Delayed,Compensation,
OUT-000149,LG-000149,1460,1746,286,1,Delayed,Legal Resolution,
OUT-000150,LG-000150,730,833,103,1,Delayed,Approval,
OUT-000151,LG-000151,1460,1482,22,0,On Time,None,
OUT-000152,LG-000152,1460,2092,632,1,Severely Delayed,Compensation,
OUT-000153,LG-000153,730,781,51,0,On Time,None,2026-03-31
OUT-000154,LG-000154,2190,2419,229,1,Delayed,Legal Resolution,
OUT-000155,LG-000155,2190,2199,9,0,On Time,None,2029-01-04
OUT-000156,LG-000156,1825,1898,73,0,On Time,None,2026-11-21
OUT-000157,LG-000157,1825,1890,65,0,On Time,None,2029-12-20
OUT-000158,LG-000158,730,749,19,0,On Time,None,
OUT-000159,LG-000159,730,758,28,0,On Time,None,2022-03-20
OUT-000160,LG-000160,1460,1485,25,0,On Time,None,
OUT-000161,LG-000161,2190,2738,548,1,Severely Delayed,Compensation,2030-03-20
OUT-000162,LG-000162,2190,2207,17,0,On Time,None,2030-05-28
OUT-000163,LG-000163,1095,1122,27,0,On Time,None,
OUT-000164,LG-000164,2190,2207,17,0,On Time,None,
OUT-000165,LG-000165,1095,1118,23,0,On Time,None,
OUT-000166,LG-000166,1460,1549,89,0,On Time,None,2024-01-22
OUT-000167,LG-000167,1825,2082,257,1,Delayed,Legal Resolution,
OUT-000168,LG-000168,2190,2519,329,1,Delayed,Legal Resolution,
OUT-000169,LG-000169,1460,1749,289,1,Delayed,Legal Resolution,
OUT-000170,LG-000170,730,927,197,1,Delayed,Legal Resolution,
OUT-000171,LG-000171,730,783,53,0,On Time,None,2025-04-19
OUT-000172,LG-000172,1095,1175,80,0,On Time,None,
OUT-000173,LG-000173,2190,2623,433,1,Severely Delayed,Compensation,2027-09-23
OUT-000174,LG-000174,1460,1490,30,0,On Time,None,
OUT-000175,LG-000175,1095,1451,356,1,Severely Delayed,Compensation,2025-04-27
OUT-000176,LG-000176,730,730,0,0,On Time,None,
OUT-000177,LG-000177,1460,1998,538,1,Severely Delayed,Compensation,2029-07-25
OUT-000178,LG-000178,2190,2255,65,0,On Time,None,2030-08-20
OUT-000179,LG-000179,1460,1566,106,1,Delayed,Approval,2025-10-03
OUT-000180,LG-000180,1095,1095,0,0,On Time,None,
OUT-000181,LG-000181,2190,2491,301,1,Delayed,Legal Resolution,
OUT-000182,LG-000182,1460,1519,59,0,On Time,None,2025-07-25
OUT-000183,LG-000183,1460,1805,345,1,Delayed,Legal Resolution,
OUT-000184,LG-000184,1095,1121,26,0,On Time,None,
OUT-000185,LG-000185,1460,2028,568,1,Severely Delayed,Compensation,
OUT-000186,LG-000186,1825,2132,307,1,Delayed,Legal Resolution,
OUT-000187,LG-000187,2190,2708,518,1,Severely Delayed,Compensation,
OUT-000188,LG-000188,1095,1283,188,1,Delayed,Legal Resolution,
OUT-000189,LG-000189,1825,2347,522,1,Severely Delayed,Compensation,
OUT-000190,LG-000190,2190,2511,321,1,Delayed,Legal Resolution,
OUT-000191,LG-000191,1825,2069,244,1,Delayed,Legal Resolution,2025-11-16
OUT-000192,LG-000192,1825,1930,105,1,Delayed,Approval,
OUT-000193,LG-000193,1825,2081,256,1,Delayed,Legal Resolution,
OUT-000194,LG-000194,2190,2271,81,0,On Time,None,
OUT-000195,LG-000195,1460,1623,163,1,Delayed,Legal Resolution,
OUT-000196,LG-000196,1095,1437,342,1,Severely Delayed,Compensation,2023-07-21
OUT-000197,LG-000197,1825,1843,18,0,On Time,None,
OUT-000198,LG-000198,1460,1468,8,0,On Time,None,
OUT-000199,LG-000199,1825,2517,692,1,Severely Delayed,Compensation,2031-06-01
OUT-000200,LG-000200,1095,1119,24,0,On Time,None,
OUT-000201,LG-000201,2190,2700,510,1,Severely Delayed,Compensation,
OUT-000202,LG-000202,730,738,8,0,On Time,None,
OUT-000203,LG-000203,1095,1280,185,1,Delayed,Legal Resolution,
OUT-000204,LG-000204,1095,1151,56,0,On Time,None,
OUT-000205,LG-000205,2190,2806,616,1,Severely Delayed,Compensation,
OUT-000206,LG-000206,1825,1926,101,1,Delayed,Approval,
OUT-000207,LG-000207,1825,2339,514,1,Severely Delayed,Compensation,
OUT-000208,LG-000208,1095,1298,203,1,Delayed,Legal Resolution,
OUT-000209,LG-000209,1095,1138,43,0,On Time,None,
OUT-000210,LG-000210,1825,2037,212,1,Delayed,Legal Resolution,
OUT-000211,LG-000211,2190,2264,74,0,On Time,None,
OUT-000212,LG-000212,1460,2189,729,1,Severely Delayed,Compensation,
OUT-000213,LG-000213,1460,1708,248,1,Delayed,Legal Resolution,
OUT-000214,LG-000214,1825,2044,219,1,Delayed,Legal Resolution,
OUT-000215,LG-000215,730,825,95,1,Delayed,Approval,
OUT-000216,LG-000216,1825,1855,30,0,On Time,None,
OUT-000217,LG-000217,1825,1969,144,1,Delayed,Legal Resolution,
OUT-000218,LG-000218,730,840,110,1,Delayed,Approval,
OUT-000219,LG-000219,1460,2018,558,1,Severely Delayed,Compensation,2027-11-10
OUT-000220,LG-000220,730,794,64,0,On Time,None,2025-03-14
OUT-000221,LG-000221,1825,1869,44,0,On Time,None,
OUT-000222,LG-000222,1095,1718,623,1,Severely Delayed,Compensation,
OUT-000223,LG-000223,2190,2293,103,1,Delayed,Approval,
OUT-000224,LG-000224,1825,2111,286,1,Delayed,Legal Resolution,
OUT-000225,LG-000225,1460,1507,47,0,On Time,None,
OUT-000226,LG-000226,1095,1196,101,1,Delayed,Approval,
OUT-000227,LG-000227,1095,1294,199,1,Delayed,Legal Resolution,
OUT-000228,LG-000228,1095,1101,6,0,On Time,None,
OUT-000229,LG-000229,2190,2190,0,0,On Time,None,
OUT-000230,LG-000230,1095,1140,45,0,On Time,None,
OUT-000231,LG-000231,2190,2293,103,1,Delayed,Approval,
OUT-000232,LG-000232,1095,1097,2,0,On Time,None,
OUT-000233,LG-000233,2190,2215,25,0,On Time,None,
OUT-000234,LG-000234,730,796,66,0,On Time,None,
OUT-000235,LG-000235,1095,1430,335,1,Delayed,Legal Resolution,
OUT-000236,LG-000236,1095,1124,29,0,On Time,None,
OUT-000237,LG-000237,1460,1566,106,1,Delayed,Approval,
OUT-000238,LG-000238,730,1029,299,1,Delayed,Legal Resolution,
OUT-000239,LG-000239,2190,2266,76,0,On Time,None,2030-09-16
OUT-000240,LG-000240,2190,2227,37,0,On Time,None,
OUT-000241,LG-000241,1460,1520,60,0,On Time,None,
OUT-000242,LG-000242,1825,2153,328,1,Severely Delayed,Compensation,2027-07-05
OUT-000243,LG-000243,2190,2425,235,1,Delayed,Legal Resolution,
OUT-000244,LG-000244,1460,1481,21,0,On Time,None,
OUT-000245,LG-000245,1460,1801,341,1,Delayed,Legal Resolution,
OUT-000246,LG-000246,1825,1847,22,0,On Time,None,2029-07-06
OUT-000247,LG-000247,730,797,67,0,On Time,None,
OUT-000248,LG-000248,730,742,12,0,On Time,None,
OUT-000249,LG-000249,1825,1908,83,0,On Time,None,
OUT-000250,LG-000250,1825,1914,89,0,On Time,None,
OUT-000251,LG-000251,2190,2437,247,1,Delayed,Legal Resolution,
OUT-000252,LG-000252,730,953,223,1,Delayed,Legal Resolution,
OUT-000253,LG-000253,1095,1096,1,0,On Time,None,
OUT-000254,LG-000254,2190,2204,14,0,On Time,None,
OUT-000255,LG-000255,1825,2113,288,1,Delayed,Legal Resolution,2029-03-25
OUT-000256,LG-000256,2190,2559,369,1,Severely Delayed,Compensation,
OUT-000257,LG-000257,730,737,7,0,On Time,None,
OUT-000258,LG-000258,1095,1188,93,1,Delayed,Approval,
OUT-000259,LG-000259,1460,1483,23,0,On Time,None,2028-09-18
OUT-000260,LG-000260,1825,1841,16,0,On Time,None,
OUT-000261,LG-000261,1460,2175,715,1,Severely Delayed,Compensation,
OUT-000262,LG-000262,2190,2217,27,0,On Time,None,
OUT-000263,LG-000263,2190,2713,523,1,Severely Delayed,Compensation,
OUT-000264,LG-000264,1095,1122,27,0,On Time,None,
OUT-000265,LG-000265,730,761,31,0,On Time,None,2022-09-06
OUT-000266,LG-000266,1460,1474,14,0,On Time,None,
OUT-000267,LG-000267,1095,1263,168,1,Delayed,Legal Resolution,
OUT-000268,LG-000268,730,996,266,1,Delayed,Legal Resolution,
OUT-000269,LG-000269,1460,1525,65,0,On Time,None,
OUT-000270,LG-000270,1095,1122,27,0,On Time,None,
OUT-000271,LG-000271,730,1305,575,1,Severely Delayed,Compensation,
OUT-000272,LG-000272,1460,1549,89,0,On Time,None,
OUT-000273,LG-000273,1460,1479,19,0,On Time,None,2025-04-29
OUT-000274,LG-000274,2190,2280,90,0,On Time,None,
OUT-000275,LG-000275,1825,1894,69,0,On Time,None,
OUT-000276,LG-000276,1095,1142,47,0,On Time,None,
OUT-000277,LG-000277,1825,1831,6,0,On Time,None,
OUT-000278,LG-000278,730,1469,739,1,Severely Delayed,Compensation,
OUT-000279,LG-000279,730,828,98,1,Delayed,Approval,
OUT-000280,LG-000280,730,808,78,0,On Time,None,
OUT-000281,LG-000281,1825,1896,71,0,On Time,None,
OUT-000282,LG-000282,2190,2344,154,1,Delayed,Legal Resolution,
OUT-000283,LG-000283,730,748,18,0,On Time,None,
OUT-000284,LG-000284,730,784,54,0,On Time,None,2021-02-17
OUT-000285,LG-000285,1095,1199,104,1,Delayed,Approval,
OUT-000286,LG-000286,1095,1776,681,1,Severely Delayed,Compensation,
OUT-000287,LG-000287,1460,1521,61,0,On Time,None,
OUT-000288,LG-000288,2190,2459,269,1,Delayed,Legal Resolution,2024-11-04
OUT-000289,LG-000289,2190,2352,162,1,Delayed,Legal Resolution,
OUT-000290,LG-000290,1095,1178,83,0,On Time,None,
OUT-000291,LG-000291,1095,1436,341,1,Severely Delayed,Compensation,
OUT-000292,LG-000292,2190,2214,24,0,On Time,None,
OUT-000293,LG-000293,1825,2371,546,1,Severely Delayed,Compensation,
OUT-000294,LG-000294,1825,1849,24,0,On Time,None,
OUT-000295,LG-000295,1460,1673,213,1,Delayed,Legal Resolution,2023-12-24
OUT-000296,LG-000296,730,785,55,0,On Time,None,
OUT-000297,LG-000297,1825,2140,315,1,Delayed,Legal Resolution,2029-04-11
OUT-000298,LG-000298,1825,1850,25,0,On Time,None,
OUT-000299,LG-000299,1825,2313,488,1,Severely Delayed,Compensation,
OUT-000300,LG-000300,1460,1559,99,1,Delayed,Approval,
OUT-000301,LG-000301,730,790,60,0,On Time,None,
OUT-000302,LG-000302,2190,2240,50,0,On Time,None,
OUT-000303,LG-000303,730,735,5,0,On Time,None,
OUT-000304,LG-000304,730,1405,675,1,Severely Delayed,Compensation,
OUT-000305,LG-000305,1825,1987,162,1,Delayed,Legal Resolution,
OUT-000306,LG-000306,1095,1108,13,0,On Time,None,
OUT-000307,LG-000307,1825,1850,25,0,On Time,None,2024-12-15
OUT-000308,LG-000308,730,747,17,0,On Time,None,2020-11-12
OUT-000309,LG-000309,1095,1422,327,1,Delayed,Legal Resolution,
OUT-000310,LG-000310,2190,2391,201,1,Delayed,Legal Resolution,
OUT-000311,LG-000311,730,771,41,0,On Time,None,
OUT-000312,LG-000312,2190,2383,193,1,Delayed,Legal Resolution,2028-08-25
OUT-000313,LG-000313,1825,1829,4,0,On Time,None,
OUT-000314,LG-000314,1825,2026,201,1,Delayed,Legal Resolution,2024-10-27
OUT-000315,LG-000315,1825,1918,93,1,Delayed,Approval,
OUT-000316,LG-000316,1460,1471,11,0,On Time,None,
OUT-000317,LG-000317,1460,1482,22,0,On Time,None,
OUT-000318,LG-000318,1095,1106,11,0,On Time,None,
OUT-000319,LG-000319,1825,1852,27,0,On Time,None,
OUT-000320,LG-000320,730,766,36,0,On Time,None,2023-06-18
OUT-000321,LG-000321,1460,1501,41,0,On Time,None,
OUT-000322,LG-000322,1460,2040,580,1,Severely Delayed,Compensation,
OUT-000323,LG-000323,1825,2566,741,1,Severely Delayed,Compensation,
OUT-000324,LG-000324,2190,2580,390,1,Severely Delayed,Compensation,
OUT-000325,LG-000325,730,837,107,1,Delayed,Approval,
OUT-000326,LG-000326,2190,2755,565,1,Severely Delayed,Compensation,2029-05-21
OUT-000327,LG-000327,1460,1721,261,1,Delayed,Legal Resolution,
OUT-000328,LG-000328,2190,2525,335,1,Delayed,Legal Resolution,
OUT-000329,LG-000329,2190,2523,333,1,Severely Delayed,Compensation,
OUT-000330,LG-000330,1825,1902,77,0,On Time,None,
OUT-000331,LG-000331,730,1138,408,1,Severely Delayed,Compensation,
OUT-000332,LG-000332,1460,1517,57,0,On Time,None,
OUT-000333,LG-000333,1460,1712,252,1,Delayed,Legal Resolution,
OUT-000334,LG-000334,1460,2006,546,1,Severely Delayed,Compensation,
OUT-000335,LG-000335,730,1006,276,1,Delayed,Legal Resolution,2025-07-20
OUT-000336,LG-000336,730,880,150,1,Delayed,Legal Resolution,
OUT-000337,LG-000337,2190,2377,187,1,Delayed,Legal Resolution,
OUT-000338,LG-000338,1825,1893,68,0,On Time,None,
OUT-000339,LG-000339,2190,2217,27,0,On Time,None,
OUT-000340,LG-000340,2190,2257,67,0,On Time,None,
OUT-000341,LG-000341,1095,1104,9,0,On Time,None,
OUT-000342,LG-000342,730,934,204,1,Delayed,Legal Resolution,
OUT-000343,LG-000343,1825,1838,13,0,On Time,None,
OUT-000344,LG-000344,1825,1867,42,0,On Time,None,
OUT-000345,LG-000345,1095,1249,154,1,Delayed,Legal Resolution,
OUT-000346,LG-000346,1460,1466,6,0,On Time,None,
OUT-000347,LG-000347,1095,1443,348,1,Delayed,Legal Resolution,2028-11-25
OUT-000348,LG-000348,2190,2192,2,0,On Time,None,
OUT-000349,LG-000349,1460,1550,90,0,On Time,None,
OUT-000350,LG-000350,1095,1097,2,0,On Time,None,
OUT-000351,LG-000351,1460,1534,74,0,On Time,None,
OUT-000352,LG-000352,1095,1165,70,0,On Time,None,2024-12-17
OUT-000353,LG-000353,730,1273,543,1,Severely Delayed,Compensation,
OUT-000354,LG-000354,730,757,27,0,On Time,None,
OUT-000355,LG-000355,1095,1384,289,1,Delayed,Legal Resolution,2024-12-04
OUT-000356,LG-000356,730,744,14,0,On Time,None,
OUT-000357,LG-000357,1095,1113,18,0,On Time,None,
OUT-000358,LG-000358,730,1152,422,1,Severely Delayed,Compensation,
OUT-000359,LG-000359,1095,1175,80,0,On Time,None,
OUT-000360,LG-000360,1825,1836,11,0,On Time,None,
OUT-000361,LG-000361,730,831,101,1,Delayed,Approval,
OUT-000362,LG-000362,1825,2020,195,1,Delayed,Legal Resolution,
OUT-000363,LG-000363,1095,1794,699,1,Severely Delayed,Compensation,
OUT-000364,LG-000364,1095,1276,181,1,Delayed,Legal Resolution,
OUT-000365,LG-000365,1095,1440,345,1,Severely Delayed,Compensation,
OUT-000366,LG-000366,1460,1472,12,0,On Time,None,2024-03-28
OUT-000367,LG-000367,1825,2045,220,1,Delayed,Legal Resolution,
OUT-000368,LG-000368,1825,1840,15,0,On Time,None,2024-11-08
OUT-000369,LG-000369,2190,2896,706,1,Severely Delayed,Compensation,2031-06-07
OUT-000370,LG-000370,1095,1410,315,1,Delayed,Legal Resolution,
OUT-000371,LG-000371,1825,2290,465,1,Severely Delayed,Compensation,2031-01-04
OUT-000372,LG-000372,1825,2243,418,1,Severely Delayed,Compensation,2027-05-04
OUT-000373,LG-000373,1460,1648,188,1,Delayed,Legal Resolution,
OUT-000374,LG-000374,730,813,83,0,On Time,None,
OUT-000375,LG-000375,1825,1971,146,1,Delayed,Legal Resolution,2029-07-16
OUT-000376,LG-000376,730,733,3,0,On Time,None,2021-05-09
OUT-000377,LG-000377,1095,1223,128,1,Delayed,Legal Resolution,
OUT-000378,LG-000378,2190,2467,277,1,Delayed,Legal Resolution,
OUT-000379,LG-000379,2190,2290,100,1,Delayed,Approval,
OUT-000380,LG-000380,1460,1519,59,0,On Time,None,
OUT-000381,LG-000381,1095,1125,30,0,On Time,None,
OUT-000382,LG-000382,2190,2220,30,0,On Time,None,
OUT-000383,LG-000383,1095,1115,20,0,On Time,None,
OUT-000384,LG-000384,730,1062,332,1,Delayed,Legal Resolution,
OUT-000385,LG-000385,730,914,184,1,Delayed,Legal Resolution,
OUT-000386,LG-000386,730,827,97,1,Delayed,Approval,
OUT-000387,LG-000387,2190,2220,30,0,On Time,None,
OUT-000388,LG-000388,730,740,10,0,On Time,None,2025-08-12
OUT-000389,LG-000389,1095,1141,46,0,On Time,None,
OUT-000390,LG-000390,1825,1969,144,1,Delayed,Legal Resolution,
OUT-000391,LG-000391,1095,1116,21,0,On Time,None,2023-12-09
OUT-000392,LG-000392,1095,1635,540,1,Severely Delayed,Compensation,
OUT-000393,LG-000393,1460,1464,4,0,On Time,None,
OUT-000394,LG-000394,730,746,16,0,On Time,None,
OUT-000395,LG-000395,730,1286,556,1,Severely Delayed,Compensation,
OUT-000396,LG-000396,1825,2171,346,1,Delayed,Legal Resolution,2028-09-11
OUT-000397,LG-000397,1825,1828,3,0,On Time,None,
OUT-000398,LG-000398,1825,1852,27,0,On Time,None,
OUT-000399,LG-000399,730,732,2,0,On Time,None,
OUT-000400,LG-000400,730,774,44,0,On Time,None,2026-08-01
OUT-000401,LG-000401,730,1287,557,1,Severely Delayed,Compensation,
OUT-000402,LG-000402,730,1067,337,1,Delayed,Legal Resolution,
OUT-000403,LG-000403,1825,1844,19,0,On Time,None,
OUT-000404,LG-000404,2190,2540,350,1,Delayed,Legal Resolution,
OUT-000405,LG-000405,1825,2055,230,1,Delayed,Legal Resolution,
OUT-000406,LG-000406,2190,2193,3,0,On Time,None,
OUT-000407,LG-000407,1095,1107,12,0,On Time,None,
OUT-000408,LG-000408,730,816,86,0,On Time,None,
OUT-000409,LG-000409,2190,2214,24,0,On Time,None,
OUT-000410,LG-000410,1095,1125,30,0,On Time,None,
OUT-000411,LG-000411,1825,1836,11,0,On Time,None,
OUT-000412,LG-000412,1095,1119,24,0,On Time,None,
OUT-000413,LG-000413,1460,1749,289,1,Delayed,Legal Resolution,
OUT-000414,LG-000414,1825,1897,72,0,On Time,None,2028-03-24
OUT-000415,LG-000415,1825,1844,19,0,On Time,None,2025-07-26
OUT-000416,LG-000416,2190,2212,22,0,On Time,None,
OUT-000417,LG-000417,730,761,31,0,On Time,None,
OUT-000418,LG-000418,730,830,100,1,Delayed,Approval,
OUT-000419,LG-000419,1095,1160,65,0,On Time,None,
OUT-000420,LG-000420,2190,2460,270,1,Delayed,Legal Resolution,
OUT-000421,LG-000421,730,733,3,0,On Time,None,
OUT-000422,LG-000422,1825,1828,3,0,On Time,None,
OUT-000423,LG-000423,730,754,24,0,On Time,None,
OUT-000424,LG-000424,1095,1096,1,0,On Time,None,2022-03-18
OUT-000425,LG-000425,730,756,26,0,On Time,None,
OUT-000426,LG-000426,1095,1104,9,0,On Time,None,
OUT-000427,LG-000427,1825,2058,233,1,Delayed,Legal Resolution,
OUT-000428,LG-000428,2190,2912,722,1,Severely Delayed,Compensation,
OUT-000429,LG-000429,1825,2079,254,1,Delayed,Legal Resolution,2023-11-18
OUT-000430,LG-000430,1095,1683,588,1,Severely Delayed,Compensation,
OUT-000431,LG-000431,1095,1198,103,1,Delayed,Approval,
OUT-000432,LG-000432,730,753,23,0,On Time,None,
OUT-000433,LG-000433,730,940,210,1,Delayed,Legal Resolution,
OUT-000434,LG-000434,1095,1161,66,0,On Time,None,2024-12-20
OUT-000435,LG-000435,1460,1518,58,0,On Time,None,
OUT-000436,LG-000436,1460,1559,99,1,Delayed,Approval,
OUT-000437,LG-000437,730,753,23,0,On Time,None,
OUT-000438,LG-000438,1095,1153,58,0,On Time,None,
OUT-000439,LG-000439,2190,2232,42,0,On Time,None,
OUT-000440,LG-000440,1825,1926,101,1,Delayed,Approval,
OUT-000441,LG-000441,2190,2211,21,0,On Time,None,
OUT-000442,LG-000442,730,1040,310,1,Severely Delayed,Compensation,
OUT-000443,LG-000443,1825,2258,433,1,Severely Delayed,Compensation,2030-02-10
OUT-000444,LG-000444,2190,2266,76,0,On Time,None,
OUT-000445,LG-000445,1460,1783,323,1,Delayed,Legal Resolution,
OUT-000446,LG-000446,730,907,177,1,Delayed,Legal Resolution,2026-09-14
OUT-000447,LG-000447,2190,2518,328,1,Delayed,Legal Resolution,2025-01-15
OUT-000448,LG-000448,730,785,55,0,On Time,None,2022-04-28
OUT-000449,LG-000449,730,897,167,1,Delayed,Legal Resolution,2020-08-06
OUT-000450,LG-000450,1460,1635,175,1,Delayed,Legal Resolution,2025-07-16
OUT-000451,LG-000451,1095,1606,511,1,Severely Delayed,Compensation,
OUT-000452,LG-000452,1095,1754,659,1,Severely Delayed,Compensation,2024-03-15
OUT-000453,LG-000453,730,740,10,0,On Time,None,
OUT-000454,LG-000454,730,772,42,0,On Time,None,
OUT-000455,LG-000455,2190,2249,59,0,On Time,None,
OUT-000456,LG-000456,1460,1483,23,0,On Time,None,
OUT-000457,LG-000457,1460,1936,476,1,Severely Delayed,Compensation,2026-08-27
OUT-000458,LG-000458,1460,1812,352,1,Severely Delayed,Compensation,
OUT-000459,LG-000459,2190,2378,188,1,Delayed,Legal Resolution,2031-05-22
OUT-000460,LG-000460,2190,2259,69,0,On Time,None,
OUT-000461,LG-000461,1095,1140,45,0,On Time,None,
OUT-000462,LG-000462,730,754,24,0,On Time,None,
OUT-000463,LG-000463,2190,2366,176,1,Delayed,Legal Resolution,
OUT-000464,LG-000464,1460,1481,21,0,On Time,None,
OUT-000465,LG-000465,1460,1798,338,1,Severely Delayed,Compensation,2025-06-18
OUT-000466,LG-000466,2190,2207,17,0,On Time,None,
OUT-000467,LG-000467,2190,2235,45,0,On Time,None,
OUT-000468,LG-000468,730,1236,506,1,Severely Delayed,Compensation,
OUT-000469,LG-000469,1095,1252,157,1,Delayed,Legal Resolution,
OUT-000470,LG-000470,1460,1485,25,0,On Time,None,2024-06-05
OUT-000471,LG-000471,730,732,2,0,On Time,None,2021-01-07
OUT-000472,LG-000472,1825,1841,16,0,On Time,None,
OUT-000473,LG-000473,730,815,85,0,On Time,None,
OUT-000474,LG-000474,730,759,29,0,On Time,None,
OUT-000475,LG-000475,1460,1550,90,0,On Time,None,
OUT-000476,LG-000476,730,779,49,0,On Time,None,
OUT-000477,LG-000477,730,1077,347,1,Delayed,Legal Resolution,
OUT-000478,LG-000478,1825,1864,39,0,On Time,None,
OUT-000479,LG-000479,1095,1293,198,1,Delayed,Legal Resolution,
OUT-000480,LG-000480,1460,2181,721,1,Severely Delayed,Compensation,
OUT-000481,LG-000481,1095,1402,307,1,Delayed,Legal Resolution,2023-11-07
OUT-000482,LG-000482,1460,1591,131,1,Delayed,Legal Resolution,
OUT-000483,LG-000483,1095,1753,658,1,Severely Delayed,Compensation,
OUT-000484,LG-000484,1460,1769,309,1,Delayed,Legal Resolution,
OUT-000485,LG-000485,2190,2241,51,0,On Time,None,
OUT-000486,LG-000486,1825,2198,373,1,Severely Delayed,Compensation,
OUT-000487,LG-000487,1460,1672,212,1,Delayed,Legal Resolution,
OUT-000488,LG-000488,730,826,96,1,Delayed,Approval,
OUT-000489,LG-000489,2190,2210,20,0,On Time,None,
OUT-000490,LG-000490,1825,1854,29,0,On Time,None,
OUT-000491,LG-000491,1460,1670,210,1,Delayed,Legal Resolution,2026-02-19
OUT-000492,LG-000492,1825,1845,20,0,On Time,None,
OUT-000493,LG-000493,2190,2221,31,0,On Time,None,2024-06-17
OUT-000494,LG-000494,1825,1898,73,0,On Time,None,
OUT-000495,LG-000495,2190,2191,1,0,On Time,None,2026-06-04
OUT-000496,LG-000496,2190,2381,191,1,Delayed,Legal Resolution,
OUT-000497,LG-000497,1095,1104,9,0,On Time,None,2026-05-25
OUT-000498,LG-000498,730,747,17,0,On Time,None,2025-02-11
OUT-000499,LG-000499,1460,1479,19,0,On Time,None,
OUT-000500,LG-000500,2190,2392,202,1,Delayed,Legal Resolution,
OUT-000501,LG-000501,730,731,1,0,On Time,None,
OUT-000502,LG-000502,1460,1773,313,1,Severely Delayed,Compensation,
OUT-000503,LG-000503,1825,1880,55,0,On Time,None,
OUT-000504,LG-000504,2190,2489,299,1,Delayed,Legal Resolution,
OUT-000505,LG-000505,1460,2016,556,1,Severely Delayed,Compensation,
OUT-000506,LG-000506,730,1154,424,1,Severely Delayed,Compensation,
OUT-000507,LG-000507,1095,1789,694,1,Severely Delayed,Compensation,
OUT-000508,LG-000508,1460,1464,4,0,On Time,None,2027-04-26
OUT-000509,LG-000509,1460,1514,54,0,On Time,None,
OUT-000510,LG-000510,730,745,15,0,On Time,None,
OUT-000511,LG-000511,730,1041,311,1,Delayed,Legal Resolution,
OUT-000512,LG-000512,1825,1829,4,0,On Time,None,2026-06-16
OUT-000513,LG-000513,1825,1932,107,1,Delayed,Approval,
OUT-000514,LG-000514,1095,1096,1,0,On Time,None,
OUT-000515,LG-000515,1095,1112,17,0,On Time,None,
OUT-000516,LG-000516,730,1406,676,1,Severely Delayed,Compensation,
OUT-000517,LG-000517,730,1472,742,1,Severely Delayed,Compensation,2022-03-23
OUT-000518,LG-000518,1460,1559,99,1,Delayed,Approval,
OUT-000519,LG-000519,1095,1160,65,0,On Time,None,
OUT-000520,LG-000520,730,1061,331,1,Delayed,Legal Resolution,
OUT-000521,LG-000521,2190,2445,255,1,Delayed,Legal Resolution,
OUT-000522,LG-000522,730,791,61,0,On Time,None,
OUT-000523,LG-000523,1825,1862,37,0,On Time,None,
OUT-000524,LG-000524,730,1023,293,1,Delayed,Legal Resolution,
OUT-000525,LG-000525,1095,1411,316,1,Delayed,Legal Resolution,
OUT-000526,LG-000526,1460,1656,196,1,Delayed,Legal Resolution,
OUT-000527,LG-000527,1460,1549,89,0,On Time,None,
OUT-000528,LG-000528,1825,1878,53,0,On Time,None,2028-12-29
OUT-000529,LG-000529,2190,2259,69,0,On Time,None,2030-10-09
OUT-000530,LG-000530,1825,1883,58,0,On Time,None,
OUT-000531,LG-000531,2190,2714,524,1,Severely Delayed,Compensation,
OUT-000532,LG-000532,1460,1895,435,1,Severely Delayed,Compensation,2026-09-05
OUT-000533,LG-000533,1460,1714,254,1,Delayed,Legal Resolution,
OUT-000534,LG-000534,1825,2035,210,1,Delayed,Legal Resolution,
OUT-000535,LG-000535,1460,1467,7,0,On Time,None,
OUT-000536,LG-000536,1460,1461,1,0,On Time,None,
OUT-000537,LG-000537,1825,1843,18,0,On Time,None,
OUT-000538,LG-000538,1825,2164,339,1,Severely Delayed,Compensation,
OUT-000539,LG-000539,730,779,49,0,On Time,None,
OUT-000540,LG-000540,2190,2923,733,1,Severely Delayed,Compensation,
OUT-000541,LG-000541,730,731,1,0,On Time,None,
OUT-000542,LG-000542,730,1176,446,1,Severely Delayed,Compensation,
OUT-000543,LG-000543,1825,2112,287,1,Delayed,Legal Resolution,2024-03-19
OUT-000544,LG-000544,730,972,242,1,Delayed,Legal Resolution,
OUT-000545,LG-000545,1825,2400,575,1,Severely Delayed,Compensation,
OUT-000546,LG-000546,1460,1596,136,1,Delayed,Legal Resolution,
OUT-000547,LG-000547,1825,2529,704,1,Severely Delayed,Compensation,
OUT-000548,LG-000548,1460,2021,561,1,Severely Delayed,Compensation,2026-10-29
OUT-000549,LG-000549,1825,1863,38,0,On Time,None,2024-07-31
OUT-000550,LG-000550,2190,2205,15,0,On Time,None,
OUT-000551,LG-000551,1460,1606,146,1,Delayed,Legal Resolution,
OUT-000552,LG-000552,1095,1353,258,1,Delayed,Legal Resolution,2027-04-21
OUT-000553,LG-000553,2190,2384,194,1,Delayed,Legal Resolution,
OUT-000554,LG-000554,730,1007,277,1,Delayed,Legal Resolution,
OUT-000555,LG-000555,730,1033,303,1,Delayed,Legal Resolution,
OUT-000556,LG-000556,730,756,26,0,On Time,None,
OUT-000557,LG-000557,730,734,4,0,On Time,None,
OUT-000558,LG-000558,1095,1603,508,1,Severely Delayed,Compensation,
OUT-000559,LG-000559,1095,1099,4,0,On Time,None,
OUT-000560,LG-000560,1825,1890,65,0,On Time,None,
OUT-000561,LG-000561,2190,2351,161,1,Delayed,Legal Resolution,
OUT-000562,LG-000562,1825,1893,68,0,On Time,None,
OUT-000563,LG-000563,1825,2480,655,1,Severely Delayed,Compensation,
OUT-000564,LG-000564,2190,2190,0,0,On Time,None,
OUT-000565,LG-000565,2190,2196,6,0,On Time,None,
OUT-000566,LG-000566,1460,1485,25,0,On Time,None,
OUT-000567,LG-000567,1825,1826,1,0,On Time,None,
OUT-000568,LG-000568,1460,1652,192,1,Delayed,Legal Resolution,
OUT-000569,LG-000569,1095,1826,731,1,Severely Delayed,Compensation,
OUT-000570,LG-000570,1825,2134,309,1,Severely Delayed,Compensation,2028-05-27
OUT-000571,LG-000571,2190,2221,31,0,On Time,None,
OUT-000572,LG-000572,2190,2271,81,0,On Time,None,
OUT-000573,LG-000573,1095,1099,4,0,On Time,None,
OUT-000574,LG-000574,2190,2192,2,0,On Time,None,
OUT-000575,LG-000575,2190,2204,14,0,On Time,None,
OUT-000576,LG-000576,730,1067,337,1,Delayed,Legal Resolution,
OUT-000577,LG-000577,2190,2226,36,0,On Time,None,
OUT-000578,LG-000578,1825,1836,11,0,On Time,None,
OUT-000579,LG-000579,730,751,21,0,On Time,None,
OUT-000580,LG-000580,1825,2375,550,1,Severely Delayed,Compensation,2029-12-12
OUT-000581,LG-000581,730,1052,322,1,Severely Delayed,Compensation,
OUT-000582,LG-000582,2190,2240,50,0,On Time,None,
OUT-000583,LG-000583,1460,1551,91,1,Delayed,Approval,
OUT-000584,LG-000584,1095,1204,109,1,Delayed,Approval,
OUT-000585,LG-000585,1460,2029,569,1,Severely Delayed,Compensation,
OUT-000586,LG-000586,1460,1531,71,0,On Time,None,
OUT-000587,LG-000587,1460,1616,156,1,Delayed,Legal Resolution,
OUT-000588,LG-000588,730,801,71,0,On Time,None,2024-08-31
OUT-000589,LG-000589,730,861,131,1,Delayed,Legal Resolution,
OUT-000590,LG-000590,1460,1479,19,0,On Time,None,
OUT-000591,LG-000591,1825,2509,684,1,Severely Delayed,Compensation,
OUT-000592,LG-000592,730,818,88,0,On Time,None,
OUT-000593,LG-000593,1095,1188,93,1,Delayed,Approval,2022-06-07
OUT-000594,LG-000594,1460,1468,8,0,On Time,None,
OUT-000595,LG-000595,1460,1721,261,1,Delayed,Legal Resolution,
OUT-000596,LG-000596,730,832,102,1,Delayed,Approval,
OUT-000597,LG-000597,2190,2251,61,0,On Time,None,2031-02-13
OUT-000598,LG-000598,1825,2105,280,1,Delayed,Legal Resolution,
OUT-000599,LG-000599,1460,1499,39,0,On Time,None,
OUT-000600,LG-000600,1825,2089,264,1,Delayed,Legal Resolution,
OUT-000601,LG-000601,1095,1122,27,0,On Time,None,
OUT-000602,LG-000602,2190,2220,30,0,On Time,None,
OUT-000603,LG-000603,1460,1558,98,1,Delayed,Approval,2026-03-21
OUT-000604,LG-000604,2190,2469,279,1,Delayed,Legal Resolution,
OUT-000605,LG-000605,1825,2452,627,1,Severely Delayed,Compensation,
OUT-000606,LG-000606,1095,1120,25,0,On Time,None,
OUT-000607,LG-000607,1825,2378,553,1,Severely Delayed,Compensation,
OUT-000608,LG-000608,730,1469,739,1,Severely Delayed,Compensation,
OUT-000609,LG-000609,1095,1384,289,1,Delayed,Legal Resolution,
OUT-000610,LG-000610,1825,2154,329,1,Delayed,Legal Resolution,2028-02-08
OUT-000611,LG-000611,1460,1490,30,0,On Time,None,
OUT-000612,LG-000612,1095,1149,54,0,On Time,None,
OUT-000613,LG-000613,1095,1356,261,1,Delayed,Legal Resolution,
OUT-000614,LG-000614,730,1072,342,1,Delayed,Legal Resolution,2022-10-01
OUT-000615,LG-000615,1460,1489,29,0,On Time,None,
OUT-000616,LG-000616,730,947,217,1,Delayed,Legal Resolution,2023-01-08
OUT-000617,LG-000617,730,912,182,1,Delayed,Legal Resolution,2024-03-04
OUT-000618,LG-000618,1095,1641,546,1,Severely Delayed,Compensation,2027-10-05
OUT-000619,LG-000619,730,967,237,1,Delayed,Legal Resolution,
OUT-000620,LG-000620,2190,2807,617,1,Severely Delayed,Compensation,
OUT-000621,LG-000621,730,782,52,0,On Time,None,
OUT-000622,LG-000622,2190,2514,324,1,Severely Delayed,Compensation,
OUT-000623,LG-000623,2190,2211,21,0,On Time,None,
OUT-000624,LG-000624,2190,2474,284,1,Delayed,Legal Resolution,
OUT-000625,LG-000625,730,759,29,0,On Time,None,
OUT-000626,LG-000626,730,1083,353,1,Severely Delayed,Compensation,2023-06-08
OUT-000627,LG-000627,2190,2402,212,1,Delayed,Legal Resolution,
OUT-000628,LG-000628,730,998,268,1,Delayed,Legal Resolution,2022-10-17
OUT-000629,LG-000629,1095,1841,746,1,Severely Delayed,Compensation,2023-07-21
OUT-000630,LG-000630,1825,2055,230,1,Delayed,Legal Resolution,2024-08-26
OUT-000631,LG-000631,2190,2288,98,1,Delayed,Approval,
OUT-000632,LG-000632,2190,2197,7,0,On Time,None,
OUT-000633,LG-000633,730,918,188,1,Delayed,Legal Resolution,
OUT-000634,LG-000634,2190,2217,27,0,On Time,None,
OUT-000635,LG-000635,730,948,218,1,Delayed,Legal Resolution,2021-09-13
OUT-000636,LG-000636,1095,1126,31,0,On Time,None,2028-01-03
OUT-000637,LG-000637,1460,1513,53,0,On Time,None,
OUT-000638,LG-000638,1095,1115,20,0,On Time,None,2027-01-10
OUT-000639,LG-000639,1095,1118,23,0,On Time,None,
OUT-000640,LG-000640,1460,1566,106,1,Delayed,Approval,
OUT-000641,LG-000641,1825,2121,296,1,Delayed,Legal Resolution,
OUT-000642,LG-000642,1825,1847,22,0,On Time,None,
OUT-000643,LG-000643,1460,1807,347,1,Delayed,Legal Resolution,
OUT-000644,LG-000644,1095,1132,37,0,On Time,None,
OUT-000645,LG-000645,730,1254,524,1,Severely Delayed,Compensation,
OUT-000646,LG-000646,1095,1415,320,1,Delayed,Legal Resolution,
OUT-000647,LG-000647,2190,2299,109,1,Delayed,Approval,
OUT-000648,LG-000648,1095,1100,5,0,On Time,None,
OUT-000649,LG-000649,1825,2128,303,1,Severely Delayed,Compensation,
OUT-000650,LG-000650,1460,1975,515,1,Severely Delayed,Compensation,
OUT-000651,LG-000651,1460,1619,159,1,Delayed,Legal Resolution,
OUT-000652,LG-000652,1825,1844,19,0,On Time,None,
OUT-000653,LG-000653,1095,1252,157,1,Delayed,Legal Resolution,
OUT-000654,LG-000654,1095,1682,587,1,Severely Delayed,Compensation,
OUT-000655,LG-000655,1095,1117,22,0,On Time,None,
OUT-000656,LG-000656,1460,1483,23,0,On Time,None,
OUT-000657,LG-000657,730,737,7,0,On Time,None,
OUT-000658,LG-000658,1095,1095,0,0,On Time,None,
OUT-000659,LG-000659,2190,2260,70,0,On Time,None,
OUT-000660,LG-000660,1825,2017,192,1,Delayed,Legal Resolution,
OUT-000661,LG-000661,1825,1875,50,0,On Time,None,2025-01-29
OUT-000662,LG-000662,2190,2811,621,1,Severely Delayed,Compensation,
OUT-000663,LG-000663,1095,1808,713,1,Severely Delayed,Compensation,
OUT-000664,LG-000664,2190,2266,76,0,On Time,None,2030-01-24
OUT-000665,LG-000665,2190,2247,57,0,On Time,None,
OUT-000666,LG-000666,2190,2499,309,1,Severely Delayed,Compensation,
OUT-000667,LG-000667,2190,2193,3,0,On Time,None,
OUT-000668,LG-000668,730,746,16,0,On Time,None,
OUT-000669,LG-000669,730,730,0,0,On Time,None,
OUT-000670,LG-000670,1825,1929,104,1,Delayed,Approval,
OUT-000671,LG-000671,730,753,23,0,On Time,None,2024-05-27
OUT-000672,LG-000672,1825,2098,273,1,Delayed,Legal Resolution,
OUT-000673,LG-000673,730,912,182,1,Delayed,Legal Resolution,
OUT-000674,LG-000674,730,747,17,0,On Time,None,2025-11-11
OUT-000675,LG-000675,2190,2240,50,0,On Time,None,
OUT-000676,LG-000676,1460,1461,1,0,On Time,None,
OUT-000677,LG-000677,730,754,24,0,On Time,None,
OUT-000678,LG-000678,1825,1903,78,0,On Time,None,
OUT-000679,LG-000679,1460,1512,52,0,On Time,None,2028-01-14
OUT-000680,LG-000680,730,817,87,0,On Time,None,
OUT-000681,LG-000681,730,881,151,1,Delayed,Legal Resolution,
OUT-000682,LG-000682,1825,1854,29,0,On Time,None,
OUT-000683,LG-000683,1825,1962,137,1,Delayed,Legal Resolution,2028-10-25
OUT-000684,LG-000684,1095,1202,107,1,Delayed,Approval,
OUT-000685,LG-000685,2190,2194,4,0,On Time,None,
OUT-000686,LG-000686,1095,1339,244,1,Delayed,Legal Resolution,2023-10-13
OUT-000687,LG-000687,1460,1465,5,0,On Time,None,
OUT-000688,LG-000688,1095,1220,125,1,Delayed,Legal Resolution,
OUT-000689,LG-000689,2190,2275,85,0,On Time,None,2030-05-12
OUT-000690,LG-000690,1460,1555,95,1,Delayed,Approval,
OUT-000691,LG-000691,1825,1829,4,0,On Time,None,
OUT-000692,LG-000692,1460,1793,333,1,Delayed,Legal Resolution,
OUT-000693,LG-000693,1095,1106,11,0,On Time,None,
OUT-000694,LG-000694,2190,2246,56,0,On Time,None,2026-09-30
OUT-000695,LG-000695,1460,1465,5,0,On Time,None,
OUT-000696,LG-000696,1825,1915,90,0,On Time,None,2025-03-03
OUT-000697,LG-000697,730,758,28,0,On Time,None,
OUT-000698,LG-000698,2190,2190,0,0,On Time,None,
OUT-000699,LG-000699,1460,1468,8,0,On Time,None,2027-01-28
OUT-000700,LG-000700,730,1369,639,1,Severely Delayed,Compensation,
OUT-000701,LG-000701,1095,1115,20,0,On Time,None,
OUT-000702,LG-000702,1460,1516,56,0,On Time,None,2024-12-26
OUT-000703,LG-000703,1825,2124,299,1,Delayed,Legal Resolution,
OUT-000704,LG-000704,1825,1837,12,0,On Time,None,
OUT-000705,LG-000705,1825,2018,193,1,Delayed,Legal Resolution,2023-10-22
OUT-000706,LG-000706,1095,1229,134,1,Delayed,Legal Resolution,
OUT-000707,LG-000707,1095,1273,178,1,Delayed,Legal Resolution,
OUT-000708,LG-000708,2190,2231,41,0,On Time,None,
OUT-000709,LG-000709,1460,1485,25,0,On Time,None,
OUT-000710,LG-000710,730,805,75,0,On Time,None,2020-03-24
OUT-000711,LG-000711,1460,1517,57,0,On Time,None,
OUT-000712,LG-000712,1460,1770,310,1,Delayed,Legal Resolution,
OUT-000713,LG-000713,1460,1586,126,1,Delayed,Legal Resolution,
OUT-000714,LG-000714,2190,2250,60,0,On Time,None,
OUT-000715,LG-000715,1095,1405,310,1,Delayed,Legal Resolution,
OUT-000716,LG-000716,1095,1252,157,1,Delayed,Legal Resolution,
OUT-000717,LG-000717,1095,1105,10,0,On Time,None,
OUT-000718,LG-000718,1460,2200,740,1,Severely Delayed,Compensation,
OUT-000719,LG-000719,2190,2658,468,1,Severely Delayed,Compensation,2028-08-06
OUT-000720,LG-000720,1825,2170,345,1,Severely Delayed,Compensation,2030-04-27
OUT-000721,LG-000721,1825,1923,98,1,Delayed,Approval,
OUT-000722,LG-000722,2190,2629,439,1,Severely Delayed,Compensation,
OUT-000723,LG-000723,1825,1874,49,0,On Time,None,2024-01-15
OUT-000724,LG-000724,1825,1869,44,0,On Time,None,
OUT-000725,LG-000725,730,925,195,1,Delayed,Legal Resolution,
OUT-000726,LG-000726,1825,1837,12,0,On Time,None,
OUT-000727,LG-000727,1095,1658,563,1,Severely Delayed,Compensation,
OUT-000728,LG-000728,1095,1199,104,1,Delayed,Approval,2023-11-01
OUT-000729,LG-000729,730,747,17,0,On Time,None,
OUT-000730,LG-000730,1460,1497,37,0,On Time,None,2025-12-03
OUT-000731,LG-000731,1460,1791,331,1,Severely Delayed,Compensation,
OUT-000732,LG-000732,1095,1185,90,0,On Time,None,
OUT-000733,LG-000733,1825,1957,132,1,Delayed,Legal Resolution,
OUT-000734,LG-000734,2190,2913,723,1,Severely Delayed,Compensation,2030-08-19
OUT-000735,LG-000735,2190,2227,37,0,On Time,None,2029-11-06
OUT-000736,LG-000736,730,730,0,0,On Time,None,
OUT-000737,LG-000737,1460,1499,39,0,On Time,None,
OUT-000738,LG-000738,1460,1863,403,1,Severely Delayed,Compensation,
OUT-000739,LG-000739,1095,1313,218,1,Delayed,Legal Resolution,
OUT-000740,LG-000740,730,1027,297,1,Delayed,Legal Resolution,
OUT-000741,LG-000741,2190,2457,267,1,Delayed,Legal Resolution,2029-08-26
OUT-000742,LG-000742,2190,2196,6,0,On Time,None,
OUT-000743,LG-000743,1460,1462,2,0,On Time,None,2025-05-14
OUT-000744,LG-000744,1095,1378,283,1,Delayed,Legal Resolution,
OUT-000745,LG-000745,1460,1533,73,0,On Time,None,
OUT-000746,LG-000746,1825,2439,614,1,Severely Delayed,Compensation,
OUT-000747,LG-000747,730,788,58,0,On Time,None,
OUT-000748,LG-000748,1460,1662,202,1,Delayed,Legal Resolution,
OUT-000749,LG-000749,730,791,61,0,On Time,None,2022-08-06
OUT-000750,LG-000750,2190,2191,1,0,On Time,None,
OUT-000751,LG-000751,1095,1116,21,0,On Time,None,2026-01-27
OUT-000752,LG-000752,1825,1893,68,0,On Time,None,
OUT-000753,LG-000753,730,1189,459,1,Severely Delayed,Compensation,
OUT-000754,LG-000754,1095,1146,51,0,On Time,None,
OUT-000755,LG-000755,1825,2026,201,1,Delayed,Legal Resolution,
OUT-000756,LG-000756,730,968,238,1,Delayed,Legal Resolution,
OUT-000757,LG-000757,1825,2493,668,1,Severely Delayed,Compensation,
OUT-000758,LG-000758,1825,1852,27,0,On Time,None,
OUT-000759,LG-000759,730,783,53,0,On Time,None,
OUT-000760,LG-000760,1825,2172,347,1,Delayed,Legal Resolution,
OUT-000761,LG-000761,2190,2210,20,0,On Time,None,2028-11-04
OUT-000762,LG-000762,1825,2361,536,1,Severely Delayed,Compensation,2029-02-28
OUT-000763,LG-000763,2190,2417,227,1,Delayed,Legal Resolution,
OUT-000764,LG-000764,730,739,9,0,On Time,None,
OUT-000765,LG-000765,1825,1972,147,1,Delayed,Legal Resolution,2029-11-14
OUT-000766,LG-000766,2190,2297,107,1,Delayed,Approval,
OUT-000767,LG-000767,2190,2844,654,1,Severely Delayed,Compensation,
OUT-000768,LG-000768,2190,2296,106,1,Delayed,Approval,
OUT-000769,LG-000769,1460,1491,31,0,On Time,None,
OUT-000770,LG-000770,1460,1538,78,0,On Time,None,2027-11-22
OUT-000771,LG-000771,1825,1849,24,0,On Time,None,
OUT-000772,LG-000772,1460,1462,2,0,On Time,None,
OUT-000773,LG-000773,730,815,85,0,On Time,None,2023-11-25
OUT-000774,LG-000774,1825,1970,145,1,Delayed,Legal Resolution,
OUT-000775,LG-000775,1825,2189,364,1,Severely Delayed,Compensation,
OUT-000776,LG-000776,2190,2261,71,0,On Time,None,
OUT-000777,LG-000777,1095,1340,245,1,Delayed,Legal Resolution,
OUT-000778,LG-000778,2190,2275,85,0,On Time,None,
OUT-000779,LG-000779,2190,2199,9,0,On Time,None,2025-03-17
OUT-000780,LG-000780,1095,1113,18,0,On Time,None,
OUT-000781,LG-000781,1825,1903,78,0,On Time,None,
OUT-000782,LG-000782,730,740,10,0,On Time,None,
OUT-000783,LG-000783,2190,2869,679,1,Severely Delayed,Compensation,2032-08-31
OUT-000784,LG-000784,1825,2033,208,1,Delayed,Legal Resolution,2025-03-06
OUT-000785,LG-000785,1460,1809,349,1,Delayed,Legal Resolution,
OUT-000786,LG-000786,730,737,7,0,On Time,None,
OUT-000787,LG-000787,730,995,265,1,Delayed,Legal Resolution,
OUT-000788,LG-000788,1825,1951,126,1,Delayed,Legal Resolution,2026-01-23
OUT-000789,LG-000789,1825,2108,283,1,Delayed,Legal Resolution,
OUT-000790,LG-000790,2190,2465,275,1,Delayed,Legal Resolution,
OUT-000791,LG-000791,2190,2910,720,1,Severely Delayed,Compensation,
OUT-000792,LG-000792,1460,1614,154,1,Delayed,Legal Resolution,
OUT-000793,LG-000793,730,1274,544,1,Severely Delayed,Compensation,
OUT-000794,LG-000794,1460,1554,94,1,Delayed,Approval,
OUT-000795,LG-000795,1095,1255,160,1,Delayed,Legal Resolution,
OUT-000796,LG-000796,730,1036,306,1,Delayed,Legal Resolution,2022-02-07
OUT-000797,LG-000797,2190,2501,311,1,Delayed,Legal Resolution,2029-05-17
OUT-000798,LG-000798,1460,1476,16,0,On Time,None,
OUT-000799,LG-000799,730,827,97,1,Delayed,Approval,
OUT-000800,LG-000800,1460,1516,56,0,On Time,None,
OUT-000801,LG-000801,1460,1725,265,1,Delayed,Legal Resolution,
OUT-000802,LG-000802,1095,1109,14,0,On Time,None,2022-03-04
OUT-000803,LG-000803,2190,2525,335,1,Delayed,Legal Resolution,
OUT-000804,LG-000804,1460,1513,53,0,On Time,None,
OUT-000805,LG-000805,1825,1858,33,0,On Time,None,
OUT-000806,LG-000806,1460,1486,26,0,On Time,None,
OUT-000807,LG-000807,1095,1448,353,1,Severely Delayed,Compensation,
OUT-000808,LG-000808,1460,1474,14,0,On Time,None,
OUT-000809,LG-000809,2190,2482,292,1,Delayed,Legal Resolution,
OUT-000810,LG-000810,1460,1518,58,0,On Time,None,
OUT-000811,LG-000811,1460,1625,165,1,Delayed,Legal Resolution,
OUT-000812,LG-000812,1825,1860,35,0,On Time,None,
OUT-000813,LG-000813,1095,1303,208,1,Delayed,Legal Resolution,
OUT-000814,LG-000814,1095,1107,12,0,On Time,None,
OUT-000815,LG-000815,1095,1123,28,0,On Time,None,
OUT-000816,LG-000816,1825,2174,349,1,Delayed,Legal Resolution,2028-10-10
OUT-000817,LG-000817,1825,2170,345,1,Severely Delayed,Compensation,2028-06-20
OUT-000818,LG-000818,1460,1614,154,1,Delayed,Legal Resolution,
OUT-000819,LG-000819,2190,2222,32,0,On Time,None,
OUT-000820,LG-000820,2190,2264,74,0,On Time,None,
OUT-000821,LG-000821,1825,1836,11,0,On Time,None,
OUT-000822,LG-000822,1460,1522,62,0,On Time,None,
OUT-000823,LG-000823,1095,1114,19,0,On Time,None,
OUT-000824,LG-000824,1825,1855,30,0,On Time,None,
OUT-000825,LG-000825,1460,1476,16,0,On Time,None,
OUT-000826,LG-000826,2190,2288,98,1,Delayed,Approval,2029-04-10
OUT-000827,LG-000827,1460,1470,10,0,On Time,None,
OUT-000828,LG-000828,1095,1116,21,0,On Time,None,
OUT-000829,LG-000829,1825,1852,27,0,On Time,None,
OUT-000830,LG-000830,1825,1997,172,1,Delayed,Legal Resolution,2026-06-05
OUT-000831,LG-000831,2190,2298,108,1,Delayed,Approval,2027-09-28
OUT-000832,LG-000832,730,730,0,0,On Time,None,
OUT-000833,LG-000833,730,748,18,0,On Time,None,2026-11-11
OUT-000834,LG-000834,1825,1911,86,0,On Time,None,
OUT-000835,LG-000835,1825,1878,53,0,On Time,None,
OUT-000836,LG-000836,1095,1119,24,0,On Time,None,
OUT-000837,LG-000837,1825,1871,46,0,On Time,None,
OUT-000838,LG-000838,730,815,85,0,On Time,None,
OUT-000839,LG-000839,1825,1894,69,0,On Time,None,
OUT-000840,LG-000840,2190,2258,68,0,On Time,None,
OUT-000841,LG-000841,1095,1176,81,0,On Time,None,2021-05-24
OUT-000842,LG-000842,1095,1342,247,1,Delayed,Legal Resolution,
OUT-000843,LG-000843,1095,1112,17,0,On Time,None,
OUT-000844,LG-000844,1825,2426,601,1,Severely Delayed,Compensation,
OUT-000845,LG-000845,730,1010,280,1,Delayed,Legal Resolution,
OUT-000846,LG-000846,1825,1895,70,0,On Time,None,
OUT-000847,LG-000847,2190,2219,29,0,On Time,None,
OUT-000848,LG-000848,730,1077,347,1,Delayed,Legal Resolution,
OUT-000849,LG-000849,1095,1396,301,1,Severely Delayed,Compensation,
OUT-000850,LG-000850,1095,1754,659,1,Severely Delayed,Compensation,2027-12-31
OUT-000851,LG-000851,1460,1708,248,1,Delayed,Legal Resolution,
OUT-000852,LG-000852,1460,1778,318,1,Delayed,Legal Resolution,
OUT-000853,LG-000853,1460,1977,517,1,Severely Delayed,Compensation,2026-07-21
OUT-000854,LG-000854,2190,2537,347,1,Delayed,Legal Resolution,
OUT-000855,LG-000855,1095,1224,129,1,Delayed,Legal Resolution,
OUT-000856,LG-000856,2190,2205,15,0,On Time,None,
OUT-000857,LG-000857,730,910,180,1,Delayed,Legal Resolution,
OUT-000858,LG-000858,2190,2275,85,0,On Time,None,
OUT-000859,LG-000859,1825,1825,0,0,On Time,None,
OUT-000860,LG-000860,2190,2265,75,0,On Time,None,
OUT-000861,LG-000861,730,839,109,1,Delayed,Approval,2020-08-12
OUT-000862,LG-000862,730,1479,749,1,Severely Delayed,Compensation,2028-03-03
OUT-000863,LG-000863,1095,1099,4,0,On Time,None,2026-12-26
OUT-000864,LG-000864,1460,1507,47,0,On Time,None,
OUT-000865,LG-000865,1460,1543,83,0,On Time,None,
OUT-000866,LG-000866,2190,2234,44,0,On Time,None,2030-09-24
OUT-000867,LG-000867,1095,1186,91,1,Delayed,Approval,
OUT-000868,LG-000868,730,1035,305,1,Delayed,Legal Resolution,2026-11-17
OUT-000869,LG-000869,1095,1708,613,1,Severely Delayed,Compensation,
OUT-000870,LG-000870,1460,1529,69,0,On Time,None,2026-04-02
OUT-000871,LG-000871,2190,2272,82,0,On Time,None,
OUT-000872,LG-000872,1095,1186,91,1,Delayed,Approval,
OUT-000873,LG-000873,1825,1826,1,0,On Time,None,2027-06-12
OUT-000874,LG-000874,1825,1843,18,0,On Time,None,
OUT-000875,LG-000875,730,1077,347,1,Delayed,Legal Resolution,2022-10-20
OUT-000876,LG-000876,1095,1164,69,0,On Time,None,
OUT-000877,LG-000877,1460,1519,59,0,On Time,None,
OUT-000878,LG-000878,730,805,75,0,On Time,None,
OUT-000879,LG-000879,2190,2539,349,1,Delayed,Legal Resolution,
OUT-000880,LG-000880,2190,2263,73,0,On Time,None,2029-01-26
OUT-000881,LG-000881,730,1199,469,1,Severely Delayed,Compensation,2024-07-13
OUT-000882,LG-000882,730,764,34,0,On Time,None,
OUT-000883,LG-000883,730,763,33,0,On Time,None,
OUT-000884,LG-000884,1095,1105,10,0,On Time,None,
OUT-000885,LG-000885,730,733,3,0,On Time,None,
OUT-000886,LG-000886,1825,1852,27,0,On Time,None,
OUT-000887,LG-000887,1460,1487,27,0,On Time,None,2024-07-20
OUT-000888,LG-000888,1095,1153,58,0,On Time,None,
OUT-000889,LG-000889,730,731,1,0,On Time,None,
OUT-000890,LG-000890,1460,1503,43,0,On Time,None,
OUT-000891,LG-000891,1095,1189,94,1,Delayed,Approval,
OUT-000892,LG-000892,2190,2376,186,1,Delayed,Legal Resolution,2025-05-15
OUT-000893,LG-000893,1460,2124,664,1,Severely Delayed,Compensation,
OUT-000894,LG-000894,1095,1130,35,0,On Time,None,
OUT-000895,LG-000895,1095,1762,667,1,Severely Delayed,Compensation,
OUT-000896,LG-000896,1825,2450,625,1,Severely Delayed,Compensation,
OUT-000897,LG-000897,1825,1858,33,0,On Time,None,2029-03-20
OUT-000898,LG-000898,730,759,29,0,On Time,None,
OUT-000899,LG-000899,730,891,161,1,Delayed,Legal Resolution,2023-10-26
OUT-000900,LG-000900,2190,2523,333,1,Delayed,Legal Resolution,
OUT-000901,LG-000901,2190,2725,535,1,Severely Delayed,Compensation,
OUT-000902,LG-000902,2190,2252,62,0,On Time,None,
OUT-000903,LG-000903,730,817,87,0,On Time,None,
OUT-000904,LG-000904,730,735,5,0,On Time,None,
OUT-000905,LG-000905,1095,1481,386,1,Severely Delayed,Compensation,
OUT-000906,LG-000906,1460,1822,362,1,Severely Delayed,Compensation,
OUT-000907,LG-000907,1095,1204,109,1,Delayed,Approval,
OUT-000908,LG-000908,1825,1832,7,0,On Time,None,
OUT-000909,LG-000909,2190,2346,156,1,Delayed,Legal Resolution,
OUT-000910,LG-000910,1460,1475,15,0,On Time,None,2022-02-25
OUT-000911,LG-000911,1825,2461,636,1,Severely Delayed,Compensation,
OUT-000912,LG-000912,1095,1621,526,1,Severely Delayed,Compensation,
OUT-000913,LG-000913,1460,1471,11,0,On Time,None,
OUT-000914,LG-000914,1460,1559,99,1,Delayed,Approval,
OUT-000915,LG-000915,730,1038,308,1,Delayed,Legal Resolution,
OUT-000916,LG-000916,730,756,26,0,On Time,None,
OUT-000917,LG-000917,1460,1519,59,0,On Time,None,2024-12-09
OUT-000918,LG-000918,730,813,83,0,On Time,None,
OUT-000919,LG-000919,2190,2483,293,1,Delayed,Legal Resolution,
OUT-000920,LG-000920,2190,2193,3,0,On Time,None,2024-04-17
OUT-000921,LG-000921,1095,1097,2,0,On Time,None,
OUT-000922,LG-000922,1825,2221,396,1,Severely Delayed,Compensation,
OUT-000923,LG-000923,1825,1851,26,0,On Time,None,
OUT-000924,LG-000924,1825,2127,302,1,Delayed,Legal Resolution,
OUT-000925,LG-000925,1460,1545,85,0,On Time,None,
OUT-000926,LG-000926,730,770,40,0,On Time,None,
OUT-000927,LG-000927,2190,2210,20,0,On Time,None,2024-11-06
OUT-000928,LG-000928,1825,2369,544,1,Severely Delayed,Compensation,
OUT-000929,LG-000929,2190,2221,31,0,On Time,None,
OUT-000930,LG-000930,1825,1891,66,0,On Time,None,
OUT-000931,LG-000931,1460,1741,281,1,Delayed,Legal Resolution,
OUT-000932,LG-000932,1460,1505,45,0,On Time,None,
OUT-000933,LG-000933,1095,1177,82,0,On Time,None,
OUT-000934,LG-000934,730,773,43,0,On Time,None,
OUT-000935,LG-000935,2190,2416,226,1,Delayed,Legal Resolution,
OUT-000936,LG-000936,1825,1869,44,0,On Time,None,
OUT-000937,LG-000937,1825,1848,23,0,On Time,None,
OUT-000938,LG-000938,1825,2095,270,1,Delayed,Legal Resolution,
OUT-000939,LG-000939,2190,2198,8,0,On Time,None,
OUT-000940,LG-000940,1460,1549,89,0,On Time,None,
OUT-000941,LG-000941,1825,2464,639,1,Severely Delayed,Compensation,
OUT-000942,LG-000942,1825,2320,495,1,Severely Delayed,Compensation,
OUT-000943,LG-000943,2190,2457,267,1,Delayed,Legal Resolution,
OUT-000944,LG-000944,2190,2494,304,1,Delayed,Legal Resolution,
OUT-000945,LG-000945,2190,2292,102,1,Delayed,Approval,
OUT-000946,LG-000946,2190,2794,604,1,Severely Delayed,Compensation,
OUT-000947,LG-000947,730,905,175,1,Delayed,Legal Resolution,
OUT-000948,LG-000948,730,854,124,1,Delayed,Legal Resolution,
OUT-000949,LG-000949,2190,2233,43,0,On Time,None,2030-04-01
OUT-000950,LG-000950,1825,1902,77,0,On Time,None,2024-08-16
OUT-000951,LG-000951,2190,2321,131,1,Delayed,Legal Resolution,
OUT-000952,LG-000952,730,730,0,0,On Time,None,
OUT-000953,LG-000953,1825,1832,7,0,On Time,None,
OUT-000954,LG-000954,1460,1938,478,1,Severely Delayed,Compensation,2023-10-05
OUT-000955,LG-000955,2190,2784,594,1,Severely Delayed,Compensation,
OUT-000956,LG-000956,1825,1845,20,0,On Time,None,
OUT-000957,LG-000957,1460,2204,744,1,Severely Delayed,Compensation,
OUT-000958,LG-000958,1460,1466,6,0,On Time,None,
OUT-000959,LG-000959,1825,1849,24,0,On Time,None,
OUT-000960,LG-000960,2190,2322,132,1,Delayed,Legal Resolution,
OUT-000961,LG-000961,2190,2217,27,0,On Time,None,
OUT-000962,LG-000962,1825,1879,54,0,On Time,None,
OUT-000963,LG-000963,730,940,210,1,Delayed,Legal Resolution,
OUT-000964,LG-000964,1095,1569,474,1,Severely Delayed,Compensation,
OUT-000965,LG-000965,1825,1873,48,0,On Time,None,
OUT-000966,LG-000966,1095,1196,101,1,Delayed,Approval,
OUT-000967,LG-000967,1825,1907,82,0,On Time,None,
OUT-000968,LG-000968,1460,1745,285,1,Delayed,Legal Resolution,
OUT-000969,LG-000969,1460,1783,323,1,Delayed,Legal Resolution,
OUT-000970,LG-000970,730,821,91,1,Delayed,Approval,2024-02-25
OUT-000971,LG-000971,2190,2365,175,1,Delayed,Legal Resolution,
OUT-000972,LG-000972,2190,2441,251,1,Delayed,Legal Resolution,
OUT-000973,LG-000973,1460,1479,19,0,On Time,None,
OUT-000974,LG-000974,1460,1511,51,0,On Time,None,
OUT-000975,LG-000975,1825,1842,17,0,On Time,None,
OUT-000976,LG-000976,1825,1846,21,0,On Time,None,
OUT-000977,LG-000977,1460,1474,14,0,On Time,None,
OUT-000978,LG-000978,1460,1483,23,0,On Time,None,2024-06-05
OUT-000979,LG-000979,730,811,81,0,On Time,None,2025-05-09
OUT-000980,LG-000980,1460,1461,1,0,On Time,None,
OUT-000981,LG-000981,1460,1467,7,0,On Time,None,
OUT-000982,LG-000982,2190,2215,25,0,On Time,None,2029-01-01
OUT-000983,LG-000983,730,810,80,0,On Time,None,2023-01-03
OUT-000984,LG-000984,730,786,56,0,On Time,None,2026-11-05
OUT-000985,LG-000985,1460,1570,110,1,Delayed,Approval,
OUT-000986,LG-000986,2190,2205,15,0,On Time,None,
OUT-000987,LG-000987,1095,1141,46,0,On Time,None,
OUT-000988,LG-000988,1095,1098,3,0,On Time,None,
OUT-000989,LG-000989,2190,2281,91,1,Delayed,Approval,
OUT-000990,LG-000990,1460,1568,108,1,Delayed,Approval,
OUT-000991,LG-000991,1095,1097,2,0,On Time,None,
OUT-000992,LG-000992,730,1412,682,1,Severely Delayed,Compensation,
OUT-000993,LG-000993,730,749,19,0,On Time,None,
OUT-000994,LG-000994,730,947,217,1,Delayed,Legal Resolution,
OUT-000995,LG-000995,1095,1106,11,0,On Time,None,
OUT-000996,LG-000996,1095,1234,139,1,Delayed,Legal Resolution,
OUT-000997,LG-000997,1095,1123,28,0,On Time,None,
OUT-000998,LG-000998,1825,1845,20,0,On Time,None,
OUT-000999,LG-000999,1825,2298,473,1,Severely Delayed,Compensation,
OUT-001000,LG-001000,1460,1564,104,1,Delayed,Approval,
OUT-001001,LG-001001,730,1047,317,1,Delayed,Legal Resolution,
OUT-001002,LG-001002,1825,2157,332,1,Delayed,Legal Resolution,
OUT-001003,LG-001003,730,757,27,0,On Time,None,
OUT-001004,LG-001004,1825,1991,166,1,Delayed,Legal Resolution,
OUT-001005,LG-001005,730,737,7,0,On Time,None,
OUT-001006,LG-001006,2190,2214,24,0,On Time,None,
OUT-001007,LG-001007,1460,1775,315,1,Delayed,Legal Resolution,
OUT-001008,LG-001008,2190,2254,64,0,On Time,None,2025-12-10
OUT-001009,LG-001009,2190,2234,44,0,On Time,None,2026-09-22
OUT-001010,LG-001010,1825,2112,287,1,Delayed,Legal Resolution,
OUT-001011,LG-001011,1095,1495,400,1,Severely Delayed,Compensation,
OUT-001012,LG-001012,1825,1831,6,0,On Time,None,
OUT-001013,LG-001013,730,820,90,0,On Time,None,
OUT-001014,LG-001014,1095,1574,479,1,Severely Delayed,Compensation,
OUT-001015,LG-001015,1825,2158,333,1,Delayed,Legal Resolution,2029-07-15
OUT-001016,LG-001016,1460,1717,257,1,Delayed,Legal Resolution,
OUT-001017,LG-001017,2190,2191,1,0,On Time,None,
OUT-001018,LG-001018,1460,1820,360,1,Severely Delayed,Compensation,
OUT-001019,LG-001019,1825,1935,110,1,Delayed,Approval,
OUT-001020,LG-001020,1825,1873,48,0,On Time,None,
OUT-001021,LG-001021,1825,2081,256,1,Delayed,Legal Resolution,
OUT-001022,LG-001022,1825,1900,75,0,On Time,None,
OUT-001023,LG-001023,730,1348,618,1,Severely Delayed,Compensation,
OUT-001024,LG-001024,730,769,39,0,On Time,None,2026-01-22
OUT-001025,LG-001025,1825,1962,137,1,Delayed,Legal Resolution,
OUT-001026,LG-001026,1460,1518,58,0,On Time,None,
OUT-001027,LG-001027,1095,1113,18,0,On Time,None,
OUT-001028,LG-001028,1825,2512,687,1,Severely Delayed,Compensation,
OUT-001029,LG-001029,1095,1175,80,0,On Time,None,
OUT-001030,LG-001030,1460,1516,56,0,On Time,None,2024-06-28
OUT-001031,LG-001031,730,838,108,1,Delayed,Approval,2024-05-08
OUT-001032,LG-001032,2190,2228,38,0,On Time,None,2026-10-04
OUT-001033,LG-001033,1095,1163,68,0,On Time,None,2023-08-03
OUT-001034,LG-001034,2190,2272,82,0,On Time,None,2029-02-13
OUT-001035,LG-001035,1460,1493,33,0,On Time,None,
OUT-001036,LG-001036,2190,2281,91,1,Delayed,Approval,
OUT-001037,LG-001037,730,765,35,0,On Time,None,2020-05-07
OUT-001038,LG-001038,2190,2242,52,0,On Time,None,
OUT-001039,LG-001039,1825,1891,66,0,On Time,None,
OUT-001040,LG-001040,1095,1202,107,1,Delayed,Approval,
OUT-001041,LG-001041,1095,1397,302,1,Delayed,Legal Resolution,
OUT-001042,LG-001042,1460,1564,104,1,Delayed,Approval,2027-05-11
OUT-001043,LG-001043,1095,1175,80,0,On Time,None,
OUT-001044,LG-001044,1095,1105,10,0,On Time,None,2024-07-19
OUT-001045,LG-001045,730,1316,586,1,Severely Delayed,Compensation,
OUT-001046,LG-001046,1460,1507,47,0,On Time,None,
OUT-001047,LG-001047,730,906,176,1,Delayed,Legal Resolution,
OUT-001048,LG-001048,1460,1515,55,0,On Time,None,2024-08-01
OUT-001049,LG-001049,1460,1501,41,0,On Time,None,2023-03-27
OUT-001050,LG-001050,1460,1776,316,1,Delayed,Legal Resolution,
OUT-001051,LG-001051,1825,2295,470,1,Severely Delayed,Compensation,
OUT-001052,LG-001052,1460,1588,128,1,Delayed,Legal Resolution,
OUT-001053,LG-001053,1095,1179,84,0,On Time,None,2026-02-09
OUT-001054,LG-001054,1460,1526,66,0,On Time,None,
OUT-001055,LG-001055,730,783,53,0,On Time,None,
OUT-001056,LG-001056,730,750,20,0,On Time,None,
OUT-001057,LG-001057,730,737,7,0,On Time,None,
OUT-001058,LG-001058,1825,2318,493,1,Severely Delayed,Compensation,
OUT-001059,LG-001059,1095,1352,257,1,Delayed,Legal Resolution,2025-10-26
OUT-001060,LG-001060,1825,1851,26,0,On Time,None,
OUT-001061,LG-001061,1095,1114,19,0,On Time,None,2026-02-03
OUT-001062,LG-001062,1460,1467,7,0,On Time,None,
OUT-001063,LG-001063,2190,2219,29,0,On Time,None,2027-08-01
OUT-001064,LG-001064,1825,2407,582,1,Severely Delayed,Compensation,2029-04-18
OUT-001065,LG-001065,2190,2422,232,1,Delayed,Legal Resolution,
OUT-001066,LG-001066,2190,2248,58,0,On Time,None,
OUT-001067,LG-001067,1460,1490,30,0,On Time,None,
OUT-001068,LG-001068,1460,1508,48,0,On Time,None,
OUT-001069,LG-001069,1825,2430,605,1,Severely Delayed,Compensation,
OUT-001070,LG-001070,1825,2117,292,1,Delayed,Legal Resolution,
OUT-001071,LG-001071,730,835,105,1,Delayed,Approval,
OUT-001072,LG-001072,2190,2322,132,1,Delayed,Legal Resolution,
OUT-001073,LG-001073,1460,1504,44,0,On Time,None,
OUT-001074,LG-001074,1825,1969,144,1,Delayed,Legal Resolution,2024-02-11
OUT-001075,LG-001075,730,768,38,0,On Time,None,
OUT-001076,LG-001076,2190,2211,21,0,On Time,None,
OUT-001077,LG-001077,1460,1555,95,1,Delayed,Approval,
OUT-001078,LG-001078,1460,1502,42,0,On Time,None,
OUT-001079,LG-001079,2190,2252,62,0,On Time,None,
OUT-001080,LG-001080,730,878,148,1,Delayed,Legal Resolution,
OUT-001081,LG-001081,730,855,125,1,Delayed,Legal Resolution,
OUT-001082,LG-001082,730,965,235,1,Delayed,Legal Resolution,
OUT-001083,LG-001083,1095,1114,19,0,On Time,None,
OUT-001084,LG-001084,1825,2075,250,1,Delayed,Legal Resolution,2029-08-27
OUT-001085,LG-001085,2190,2279,89,0,On Time,None,
OUT-001086,LG-001086,1825,2171,346,1,Delayed,Legal Resolution,
OUT-001087,LG-001087,730,890,160,1,Delayed,Legal Resolution,
OUT-001088,LG-001088,1460,1631,171,1,Delayed,Legal Resolution,2027-12-03
OUT-001089,LG-001089,730,753,23,0,On Time,None,2026-10-28
OUT-001090,LG-001090,1825,2124,299,1,Delayed,Legal Resolution,
OUT-001091,LG-001091,1825,1922,97,1,Delayed,Approval,2025-12-23
OUT-001092,LG-001092,730,742,12,0,On Time,None,
OUT-001093,LG-001093,1825,2531,706,1,Severely Delayed,Compensation,
OUT-001094,LG-001094,1825,1856,31,0,On Time,None,
OUT-001095,LG-001095,1095,1278,183,1,Delayed,Legal Resolution,
OUT-001096,LG-001096,1095,1290,195,1,Delayed,Legal Resolution,
OUT-001097,LG-001097,2190,2620,430,1,Severely Delayed,Compensation,
OUT-001098,LG-001098,2190,2226,36,0,On Time,None,
OUT-001099,LG-001099,1460,1702,242,1,Delayed,Legal Resolution,
OUT-001100,LG-001100,730,806,76,0,On Time,None,2020-04-24
OUT-001101,LG-001101,1825,2110,285,1,Delayed,Legal Resolution,
OUT-001102,LG-001102,1460,1791,331,1,Delayed,Legal Resolution,
OUT-001103,LG-001103,1825,1887,62,0,On Time,None,
OUT-001104,LG-001104,1825,2358,533,1,Severely Delayed,Compensation,2029-05-17
OUT-001105,LG-001105,1825,1889,64,0,On Time,None,
OUT-001106,LG-001106,730,750,20,0,On Time,None,
OUT-001107,LG-001107,1825,2434,609,1,Severely Delayed,Compensation,
OUT-001108,LG-001108,1825,2277,452,1,Severely Delayed,Compensation,
OUT-001109,LG-001109,1095,1096,1,0,On Time,None,2024-01-23
OUT-001110,LG-001110,1825,1869,44,0,On Time,None,
OUT-001111,LG-001111,1460,2020,560,1,Severely Delayed,Compensation,
OUT-001112,LG-001112,730,1006,276,1,Delayed,Legal Resolution,2022-12-23
OUT-001113,LG-001113,1825,1974,149,1,Delayed,Legal Resolution,2027-02-07
OUT-001114,LG-001114,1095,1104,9,0,On Time,None,
OUT-001115,LG-001115,2190,2238,48,0,On Time,None,
OUT-001116,LG-001116,1460,1483,23,0,On Time,None,
OUT-001117,LG-001117,1460,1483,23,0,On Time,None,
OUT-001118,LG-001118,2190,2489,299,1,Delayed,Legal Resolution,
OUT-001119,LG-001119,2190,2266,76,0,On Time,None,
OUT-001120,LG-001120,1095,1118,23,0,On Time,None,
OUT-001121,LG-001121,1825,1901,76,0,On Time,None,
OUT-001122,LG-001122,1825,1837,12,0,On Time,None,2023-07-21
OUT-001123,LG-001123,2190,2202,12,0,On Time,None,
OUT-001124,LG-001124,1095,1363,268,1,Delayed,Legal Resolution,2026-12-07
OUT-001125,LG-001125,2190,2191,1,0,On Time,None,
OUT-001126,LG-001126,1095,1151,56,0,On Time,None,
OUT-001127,LG-001127,2190,2263,73,0,On Time,None,
OUT-001128,LG-001128,1460,1473,13,0,On Time,None,
OUT-001129,LG-001129,1095,1176,81,0,On Time,None,
OUT-001130,LG-001130,1095,1112,17,0,On Time,None,
OUT-001131,LG-001131,1095,1188,93,1,Delayed,Approval,
OUT-001132,LG-001132,1095,1594,499,1,Severely Delayed,Compensation,
OUT-001133,LG-001133,1825,1843,18,0,On Time,None,
OUT-001134,LG-001134,2190,2231,41,0,On Time,None,2026-02-19
OUT-001135,LG-001135,1460,1467,7,0,On Time,None,
OUT-001136,LG-001136,1095,1189,94,1,Delayed,Approval,
OUT-001137,LG-001137,1460,1903,443,1,Severely Delayed,Compensation,
OUT-001138,LG-001138,2190,2409,219,1,Delayed,Legal Resolution,
OUT-001139,LG-001139,730,745,15,0,On Time,None,
OUT-001140,LG-001140,2190,2281,91,1,Delayed,Approval,
OUT-001141,LG-001141,730,1192,462,1,Severely Delayed,Compensation,
OUT-001142,LG-001142,1460,1760,300,1,Delayed,Legal Resolution,
OUT-001143,LG-001143,2190,2192,2,0,On Time,None,2025-03-10
OUT-001144,LG-001144,730,806,76,0,On Time,None,
OUT-001145,LG-001145,1095,1144,49,0,On Time,None,
OUT-001146,LG-001146,730,1004,274,1,Delayed,Legal Resolution,2027-09-08
OUT-001147,LG-001147,1825,1837,12,0,On Time,None,
OUT-001148,LG-001148,730,1201,471,1,Severely Delayed,Compensation,
OUT-001149,LG-001149,1460,1539,79,0,On Time,None,
OUT-001150,LG-001150,1095,1130,35,0,On Time,None,
OUT-001151,LG-001151,1825,1828,3,0,On Time,None,
OUT-001152,LG-001152,730,1252,522,1,Severely Delayed,Compensation,
OUT-001153,LG-001153,730,1015,285,1,Delayed,Legal Resolution,
OUT-001154,LG-001154,1460,1963,503,1,Severely Delayed,Compensation,2029-09-29
OUT-001155,LG-001155,1460,1469,9,0,On Time,None,
OUT-001156,LG-001156,730,737,7,0,On Time,None,
OUT-001157,LG-001157,730,737,7,0,On Time,None,
OUT-001158,LG-001158,730,756,26,0,On Time,None,
OUT-001159,LG-001159,1460,1671,211,1,Delayed,Legal Resolution,
OUT-001160,LG-001160,1825,2291,466,1,Severely Delayed,Compensation,
OUT-001161,LG-001161,730,1422,692,1,Severely Delayed,Compensation,2023-05-13
OUT-001162,LG-001162,2190,2200,10,0,On Time,None,
OUT-001163,LG-001163,1460,2156,696,1,Severely Delayed,Compensation,
OUT-001164,LG-001164,1460,1473,13,0,On Time,None,
OUT-001165,LG-001165,1825,1838,13,0,On Time,None,
OUT-001166,LG-001166,1460,1856,396,1,Severely Delayed,Compensation,2025-02-20
OUT-001167,LG-001167,1825,2104,279,1,Delayed,Legal Resolution,
OUT-001168,LG-001168,730,802,72,0,On Time,None,
OUT-001169,LG-001169,730,1030,300,1,Delayed,Legal Resolution,
OUT-001170,LG-001170,2190,2297,107,1,Delayed,Approval,
OUT-001171,LG-001171,2190,2214,24,0,On Time,None,
OUT-001172,LG-001172,1825,1851,26,0,On Time,None,2023-12-13
OUT-001173,LG-001173,1095,1186,91,1,Delayed,Approval,
OUT-001174,LG-001174,1095,1097,2,0,On Time,None,
OUT-001175,LG-001175,1460,1595,135,1,Delayed,Legal Resolution,
OUT-001176,LG-001176,2190,2510,320,1,Delayed,Legal Resolution,
OUT-001177,LG-001177,1460,1473,13,0,On Time,None,
OUT-001178,LG-001178,1825,1849,24,0,On Time,None,
OUT-001179,LG-001179,1825,1873,48,0,On Time,None,
OUT-001180,LG-001180,2190,2926,736,1,Severely Delayed,Compensation,
OUT-001181,LG-001181,1095,1652,557,1,Severely Delayed,Compensation,
OUT-001182,LG-001182,730,1058,328,1,Severely Delayed,Compensation,
OUT-001183,LG-001183,2190,2200,10,0,On Time,None,
OUT-001184,LG-001184,1095,1119,24,0,On Time,None,2026-08-18
OUT-001185,LG-001185,1095,1133,38,0,On Time,None,2023-11-16
OUT-001186,LG-001186,730,1039,309,1,Delayed,Legal Resolution,
OUT-001187,LG-001187,1095,1099,4,0,On Time,None,
OUT-001188,LG-001188,2190,2218,28,0,On Time,None,
OUT-001189,LG-001189,1825,1922,97,1,Delayed,Approval,
OUT-001190,LG-001190,1095,1188,93,1,Delayed,Approval,
OUT-001191,LG-001191,1825,2174,349,1,Delayed,Legal Resolution,
OUT-001192,LG-001192,1460,1542,82,0,On Time,None,
OUT-001193,LG-001193,1460,1488,28,0,On Time,None,
OUT-001194,LG-001194,730,823,93,1,Delayed,Approval,
OUT-001195,LG-001195,1095,1107,12,0,On Time,None,
OUT-001196,LG-001196,1460,1554,94,1,Delayed,Approval,
OUT-001197,LG-001197,1460,1758,298,1,Delayed,Legal Resolution,
OUT-001198,LG-001198,2190,2204,14,0,On Time,None,2026-01-13
OUT-001199,LG-001199,1825,1854,29,0,On Time,None,
OUT-001200,LG-001200,730,814,84,0,On Time,None,
